﻿<?xml version="1.0" encoding="utf-8"?>
<DisplayDriverUninstaller Version="18.0.5.9">
	<LogEntries>
		<Event>
			<Time>5/29/2023 3:48:59 PM</Time>
			<Message>The following paths are detected.</Message>
			<Values Separator=" = ">
				<KvP>
					<Key>[Found] AppExeFile</Key>
					<Value>C:\Users\enese\Desktop\Bilgisayar Hızlandırma ve Fps Arttırma 2023\[2]Nvidia Temiz Driver Kurma\DDU v18.0.5.9\Display Driver Uninstaller.exe</Value>
				</KvP>
				<KvP>
					<Key>[Found] AppBase</Key>
					<Value>C:\Users\enese\Desktop\Bilgisayar Hızlandırma ve Fps Arttırma 2023\[2]Nvidia Temiz Driver Kurma\DDU v18.0.5.9\</Value>
				</KvP>
				<KvP>
					<Key>[Found] Settings</Key>
					<Value>C:\Users\enese\Desktop\Bilgisayar Hızlandırma ve Fps Arttırma 2023\[2]Nvidia Temiz Driver Kurma\DDU v18.0.5.9\Settings\</Value>
				</KvP>
				<KvP>
					<Key>[Found] Logs</Key>
					<Value>C:\Users\enese\Desktop\Bilgisayar Hızlandırma ve Fps Arttırma 2023\[2]Nvidia Temiz Driver Kurma\DDU v18.0.5.9\DDU Logs\</Value>
				</KvP>
				<KvP>
					<Key>[Found] Language</Key>
					<Value>C:\Users\enese\Desktop\Bilgisayar Hızlandırma ve Fps Arttırma 2023\[2]Nvidia Temiz Driver Kurma\DDU v18.0.5.9\Settings\Languages\</Value>
				</KvP>
				<KvP />
				<KvP>
					<Key>[Found] ProgramFiles</Key>
					<Value>C:\Program Files\</Value>
				</KvP>
				<KvP>
					<Key>[Found] ProgramFilesx86</Key>
					<Value>C:\Program Files (x86)\</Value>
				</KvP>
				<KvP />
				<KvP>
					<Key>[Found] Roaming</Key>
					<Value>C:\ProgramData\</Value>
				</KvP>
				<KvP>
					<Key>[Not found] AppBaseRoaming</Key>
					<Value>C:\ProgramData\DisplayDriverUninstaller\</Value>
				</KvP>
				<KvP />
				<KvP>
					<Key>[Found] SystemDrive</Key>
					<Value>C:\</Value>
				</KvP>
				<KvP>
					<Key>[Found] WinDir</Key>
					<Value>C:\Windows\</Value>
				</KvP>
				<KvP>
					<Key>[Found] UserPath</Key>
					<Value>C:\Users\</Value>
				</KvP>
				<KvP>
					<Key>[Found] System32</Key>
					<Value>C:\Windows\system32\</Value>
				</KvP>
				<KvP>
					<Key>[Found] SysWOW64</Key>
					<Value>C:\Windows\SysWOW64\</Value>
				</KvP>
			</Values>
		</Event>
		<Event>
			<Time>5/29/2023 3:49:07 PM</Time>
			<Message>System Information</Message>
			<Values Separator=" : ">
				<KvP>
					<Key>DDU Version</Key>
					<Value>18.0.5.9</Value>
				</KvP>
				<KvP>
					<Key>OS</Key>
					<Value>Windows 11</Value>
				</KvP>
				<KvP>
					<Key>Win 10 1809+ ?</Key>
					<Value>True</Value>
				</KvP>
				<KvP>
					<Key>Architecture</Key>
					<Value>x64</Value>
				</KvP>
				<KvP>
					<Key>UserRights</Key>
					<Value>Admin</Value>
				</KvP>
				<KvP>
					<Key>Arguments</Key>
					<Value>&lt;empty&gt;</Value>
				</KvP>
				<KvP />
				<KvP>
					<Key>GPU #0000</Key>
					<Value>NVIDIA GeForce RTX 2070 SUPER</Value>
				</KvP>
				<KvP>
					<Key>GPU DeviceID</Key>
					<Value>pci\ven_10de&amp;dev_1e84</Value>
				</KvP>
				<KvP>
					<Key>Vbios</Key>
					<Value>Version90 04.76.40.90</Value>
				</KvP>
				<KvP>
					<Key>Detected Driver(s) Version(s)</Key>
					<Value>30.0.14.7212</Value>
				</KvP>
				<KvP>
					<Key>INF name</Key>
					<Value>oem4.inf</Value>
				</KvP>
				<KvP>
					<Key>INF section</Key>
					<Value>Section002</Value>
				</KvP>
				<KvP />
			</Values>
		</Event>
		<Warning>
			<Time>5/29/2023 3:49:07 PM</Time>
			<Message>We are not in Safe Mode</Message>
		</Warning>
		<Event>
			<Time>5/29/2023 3:49:07 PM</Time>
			<Message>The following third-party driver packages are installed on this computer</Message>
			<Values Separator=" = ">
				<KvP>
					<Value>C:\Windows\inf\oem0.inf</Value>
				</KvP>
				<KvP>
					<Key>Provider</Key>
					<Value>Microsoft</Value>
				</KvP>
				<KvP>
					<Key>Class</Key>
					<Value>Printer</Value>
				</KvP>
				<KvP />
				<KvP>
					<Value>C:\Windows\inf\oem1.inf</Value>
				</KvP>
				<KvP>
					<Key>Provider</Key>
					<Value>Logitech</Value>
				</KvP>
				<KvP>
					<Key>Class</Key>
					<Value>HIDClass</Value>
				</KvP>
				<KvP />
				<KvP>
					<Value>C:\Windows\inf\oem10.inf</Value>
				</KvP>
				<KvP>
					<Key>Provider</Key>
					<Value>Intel</Value>
				</KvP>
				<KvP>
					<Key>Class</Key>
					<Value>System</Value>
				</KvP>
				<KvP />
				<KvP>
					<Value>C:\Windows\inf\oem11.inf</Value>
				</KvP>
				<KvP>
					<Key>Provider</Key>
					<Value>Intel</Value>
				</KvP>
				<KvP>
					<Key>Class</Key>
					<Value>SoftwareComponent</Value>
				</KvP>
				<KvP />
				<KvP>
					<Value>C:\Windows\inf\oem12.inf</Value>
				</KvP>
				<KvP>
					<Key>Provider</Key>
					<Value>Intel</Value>
				</KvP>
				<KvP>
					<Key>Class</Key>
					<Value>SoftwareComponent</Value>
				</KvP>
				<KvP />
				<KvP>
					<Value>C:\Windows\inf\oem13.inf</Value>
				</KvP>
				<KvP>
					<Key>Provider</Key>
					<Value>BitDefender</Value>
				</KvP>
				<KvP>
					<Key>Class</Key>
					<Value>ActivityMonitor</Value>
				</KvP>
				<KvP />
				<KvP>
					<Value>C:\Windows\inf\oem14.inf</Value>
				</KvP>
				<KvP>
					<Key>Provider</Key>
					<Value>Realtek</Value>
				</KvP>
				<KvP>
					<Key>Class</Key>
					<Value>SoftwareComponent</Value>
				</KvP>
				<KvP />
				<KvP>
					<Value>C:\Windows\inf\oem15.inf</Value>
				</KvP>
				<KvP>
					<Key>Provider</Key>
					<Value>BITDEFENDER S.R.L.</Value>
				</KvP>
				<KvP>
					<Key>Class</Key>
					<Value>AntiVirus</Value>
				</KvP>
				<KvP />
				<KvP>
					<Value>C:\Windows\inf\oem16.inf</Value>
				</KvP>
				<KvP>
					<Key>Provider</Key>
					<Value>Intel</Value>
				</KvP>
				<KvP>
					<Key>Class</Key>
					<Value>SoftwareComponent</Value>
				</KvP>
				<KvP />
				<KvP>
					<Value>C:\Windows\inf\oem17.inf</Value>
				</KvP>
				<KvP>
					<Key>Provider</Key>
					<Value>Logitech</Value>
				</KvP>
				<KvP>
					<Key>Class</Key>
					<Value>Image</Value>
				</KvP>
				<KvP />
				<KvP>
					<Value>C:\Windows\inf\oem18.inf</Value>
				</KvP>
				<KvP>
					<Key>Provider</Key>
					<Value>NVIDIA</Value>
				</KvP>
				<KvP>
					<Key>Class</Key>
					<Value>Display</Value>
				</KvP>
				<KvP />
				<KvP>
					<Value>C:\Windows\inf\oem19.inf</Value>
				</KvP>
				<KvP>
					<Key>Provider</Key>
					<Value>NVIDIA Corporation</Value>
				</KvP>
				<KvP>
					<Key>Class</Key>
					<Value>MEDIA</Value>
				</KvP>
				<KvP />
				<KvP>
					<Value>C:\Windows\inf\oem2.inf</Value>
				</KvP>
				<KvP>
					<Key>Provider</Key>
					<Value>INTEL</Value>
				</KvP>
				<KvP>
					<Key>Class</Key>
					<Value>System</Value>
				</KvP>
				<KvP />
				<KvP>
					<Value>C:\Windows\inf\oem20.inf</Value>
				</KvP>
				<KvP>
					<Key>Provider</Key>
					<Value>BITDEFENDER S.R.L.</Value>
				</KvP>
				<KvP>
					<Key>Class</Key>
					<Value>AntiVirus</Value>
				</KvP>
				<KvP />
				<KvP>
					<Value>C:\Windows\inf\oem21.inf</Value>
				</KvP>
				<KvP>
					<Key>Provider</Key>
					<Value>INTEL</Value>
				</KvP>
				<KvP>
					<Key>Class</Key>
					<Value>System</Value>
				</KvP>
				<KvP />
				<KvP>
					<Value>C:\Windows\inf\oem22.inf</Value>
				</KvP>
				<KvP>
					<Key>Provider</Key>
					<Value>Intel</Value>
				</KvP>
				<KvP>
					<Key>Class</Key>
					<Value>System</Value>
				</KvP>
				<KvP />
				<KvP>
					<Value>C:\Windows\inf\oem23.inf</Value>
				</KvP>
				<KvP>
					<Key>Provider</Key>
					<Value>INTEL</Value>
				</KvP>
				<KvP>
					<Key>Class</Key>
					<Value>System</Value>
				</KvP>
				<KvP />
				<KvP>
					<Value>C:\Windows\inf\oem24.inf</Value>
				</KvP>
				<KvP>
					<Key>Provider</Key>
					<Value>Intel</Value>
				</KvP>
				<KvP>
					<Key>Class</Key>
					<Value>Net</Value>
				</KvP>
				<KvP />
				<KvP>
					<Value>C:\Windows\inf\oem25.inf</Value>
				</KvP>
				<KvP>
					<Key>Provider</Key>
					<Value>Logitech</Value>
				</KvP>
				<KvP>
					<Key>Class</Key>
					<Value>HIDClass</Value>
				</KvP>
				<KvP />
				<KvP>
					<Value>C:\Windows\inf\oem26.inf</Value>
				</KvP>
				<KvP>
					<Key>Provider</Key>
					<Value>Logitech</Value>
				</KvP>
				<KvP>
					<Key>Class</Key>
					<Value>System</Value>
				</KvP>
				<KvP />
				<KvP>
					<Value>C:\Windows\inf\oem27.inf</Value>
				</KvP>
				<KvP>
					<Key>Provider</Key>
					<Value>Logitech</Value>
				</KvP>
				<KvP>
					<Key>Class</Key>
					<Value>MEDIA</Value>
				</KvP>
				<KvP />
				<KvP>
					<Value>C:\Windows\inf\oem28.inf</Value>
				</KvP>
				<KvP>
					<Key>Provider</Key>
					<Value>Skowsand Tecnologia LTDA</Value>
				</KvP>
				<KvP>
					<Key>Class</Key>
					<Value>NetService</Value>
				</KvP>
				<KvP />
				<KvP>
					<Value>C:\Windows\inf\oem29.inf</Value>
				</KvP>
				<KvP>
					<Key>Provider</Key>
					<Value>Microsoft</Value>
				</KvP>
				<KvP>
					<Key>Class</Key>
					<Value>Printer</Value>
				</KvP>
				<KvP />
				<KvP>
					<Value>C:\Windows\inf\oem3.inf</Value>
				</KvP>
				<KvP>
					<Key>Provider</Key>
					<Value>Realtek</Value>
				</KvP>
				<KvP>
					<Key>Class</Key>
					<Value>SoftwareComponent</Value>
				</KvP>
				<KvP />
				<KvP>
					<Value>C:\Windows\inf\oem30.inf</Value>
				</KvP>
				<KvP>
					<Key>Provider</Key>
					<Value>cFos Software GmbH</Value>
				</KvP>
				<KvP>
					<Key>Class</Key>
					<Value>NetService</Value>
				</KvP>
				<KvP />
				<KvP>
					<Value>C:\Windows\inf\oem31.inf</Value>
				</KvP>
				<KvP>
					<Key>Provider</Key>
					<Value>Razer Inc</Value>
				</KvP>
				<KvP>
					<Key>Class</Key>
					<Value>HIDClass</Value>
				</KvP>
				<KvP />
				<KvP>
					<Value>C:\Windows\inf\oem32.inf</Value>
				</KvP>
				<KvP>
					<Key>Provider</Key>
					<Value>Realtek</Value>
				</KvP>
				<KvP>
					<Key>Class</Key>
					<Value>SoftwareComponent</Value>
				</KvP>
				<KvP />
				<KvP>
					<Value>C:\Windows\inf\oem33.inf</Value>
				</KvP>
				<KvP>
					<Key>Provider</Key>
					<Value>Realtek</Value>
				</KvP>
				<KvP>
					<Key>Class</Key>
					<Value>SoftwareComponent</Value>
				</KvP>
				<KvP />
				<KvP>
					<Value>C:\Windows\inf\oem34.inf</Value>
				</KvP>
				<KvP>
					<Key>Provider</Key>
					<Value>Realtek</Value>
				</KvP>
				<KvP>
					<Key>Class</Key>
					<Value>SoftwareComponent</Value>
				</KvP>
				<KvP />
				<KvP>
					<Value>C:\Windows\inf\oem35.inf</Value>
				</KvP>
				<KvP>
					<Key>Provider</Key>
					<Value>BITDEFENDER S.R.L.</Value>
				</KvP>
				<KvP>
					<Key>Class</Key>
					<Value>AntiVirus</Value>
				</KvP>
				<KvP />
				<KvP>
					<Value>C:\Windows\inf\oem36.inf</Value>
				</KvP>
				<KvP>
					<Key>Provider</Key>
					<Value>Bitdefender</Value>
				</KvP>
				<KvP>
					<Key>Class</Key>
					<Value>AntiVirus</Value>
				</KvP>
				<KvP />
				<KvP>
					<Value>C:\Windows\inf\oem37.inf</Value>
				</KvP>
				<KvP>
					<Key>Provider</Key>
					<Value>Bitdefender SRL</Value>
				</KvP>
				<KvP>
					<Key>Class</Key>
					<Value>WFPCALLOUTS</Value>
				</KvP>
				<KvP />
				<KvP>
					<Value>C:\Windows\inf\oem38.inf</Value>
				</KvP>
				<KvP>
					<Key>Provider</Key>
					<Value>Bitdefender SRL</Value>
				</KvP>
				<KvP>
					<Key>Class</Key>
					<Value>WFPCALLOUTS</Value>
				</KvP>
				<KvP />
				<KvP>
					<Value>C:\Windows\inf\oem39.inf</Value>
				</KvP>
				<KvP>
					<Key>Provider</Key>
					<Value>Razer Inc</Value>
				</KvP>
				<KvP>
					<Key>Class</Key>
					<Value>HIDClass</Value>
				</KvP>
				<KvP />
				<KvP>
					<Value>C:\Windows\inf\oem4.inf</Value>
				</KvP>
				<KvP>
					<Key>Provider</Key>
					<Value>NVIDIA</Value>
				</KvP>
				<KvP>
					<Key>Class</Key>
					<Value>Display</Value>
				</KvP>
				<KvP />
				<KvP>
					<Value>C:\Windows\inf\oem40.inf</Value>
				</KvP>
				<KvP>
					<Key>Provider</Key>
					<Value>Razer Inc</Value>
				</KvP>
				<KvP>
					<Key>Class</Key>
					<Value>Razer Device</Value>
				</KvP>
				<KvP />
				<KvP>
					<Value>C:\Windows\inf\oem41.inf</Value>
				</KvP>
				<KvP>
					<Key>Provider</Key>
					<Value>Razer Inc</Value>
				</KvP>
				<KvP>
					<Key>Class</Key>
					<Value>HIDClass</Value>
				</KvP>
				<KvP />
				<KvP>
					<Value>C:\Windows\inf\oem42.inf</Value>
				</KvP>
				<KvP>
					<Key>Provider</Key>
					<Value>Razer Inc</Value>
				</KvP>
				<KvP>
					<Key>Class</Key>
					<Value>HIDClass</Value>
				</KvP>
				<KvP />
				<KvP>
					<Value>C:\Windows\inf\oem43.inf</Value>
				</KvP>
				<KvP>
					<Key>Provider</Key>
					<Value>Razer Inc</Value>
				</KvP>
				<KvP>
					<Key>Class</Key>
					<Value>Keyboard</Value>
				</KvP>
				<KvP />
				<KvP>
					<Value>C:\Windows\inf\oem44.inf</Value>
				</KvP>
				<KvP>
					<Key>Provider</Key>
					<Value>Razer Inc</Value>
				</KvP>
				<KvP>
					<Key>Class</Key>
					<Value>Mouse</Value>
				</KvP>
				<KvP />
				<KvP>
					<Value>C:\Windows\inf\oem45.inf</Value>
				</KvP>
				<KvP>
					<Key>Provider</Key>
					<Value>Razer Inc</Value>
				</KvP>
				<KvP>
					<Key>Class</Key>
					<Value>Razer Device</Value>
				</KvP>
				<KvP />
				<KvP>
					<Value>C:\Windows\inf\oem46.inf</Value>
				</KvP>
				<KvP>
					<Key>Provider</Key>
					<Value>Razer Inc</Value>
				</KvP>
				<KvP>
					<Key>Class</Key>
					<Value>HIDClass</Value>
				</KvP>
				<KvP />
				<KvP>
					<Value>C:\Windows\inf\oem47.inf</Value>
				</KvP>
				<KvP>
					<Key>Provider</Key>
					<Value>Razer Inc</Value>
				</KvP>
				<KvP>
					<Key>Class</Key>
					<Value>HIDClass</Value>
				</KvP>
				<KvP />
				<KvP>
					<Value>C:\Windows\inf\oem48.inf</Value>
				</KvP>
				<KvP>
					<Key>Provider</Key>
					<Value>Razer Inc</Value>
				</KvP>
				<KvP>
					<Key>Class</Key>
					<Value>Keyboard</Value>
				</KvP>
				<KvP />
				<KvP>
					<Value>C:\Windows\inf\oem49.inf</Value>
				</KvP>
				<KvP>
					<Key>Provider</Key>
					<Value>Razer Inc</Value>
				</KvP>
				<KvP>
					<Key>Class</Key>
					<Value>Mouse</Value>
				</KvP>
				<KvP />
				<KvP>
					<Value>C:\Windows\inf\oem5.inf</Value>
				</KvP>
				<KvP>
					<Key>Provider</Key>
					<Value>NVIDIA Corporation</Value>
				</KvP>
				<KvP>
					<Key>Class</Key>
					<Value>MEDIA</Value>
				</KvP>
				<KvP />
				<KvP>
					<Value>C:\Windows\inf\oem50.inf</Value>
				</KvP>
				<KvP>
					<Key>Provider</Key>
					<Value>DEV47APPS</Value>
				</KvP>
				<KvP>
					<Key>Class</Key>
					<Value>Media</Value>
				</KvP>
				<KvP />
				<KvP>
					<Value>C:\Windows\inf\oem51.inf</Value>
				</KvP>
				<KvP>
					<Key>Provider</Key>
					<Value>Realtek</Value>
				</KvP>
				<KvP>
					<Key>Class</Key>
					<Value>SoftwareComponent</Value>
				</KvP>
				<KvP />
				<KvP>
					<Value>C:\Windows\inf\oem52.inf</Value>
				</KvP>
				<KvP>
					<Key>Provider</Key>
					<Value>Dev47Apps.com</Value>
				</KvP>
				<KvP>
					<Key>Class</Key>
					<Value>MEDIA</Value>
				</KvP>
				<KvP />
				<KvP>
					<Value>C:\Windows\inf\oem6.inf</Value>
				</KvP>
				<KvP>
					<Key>Provider</Key>
					<Value>NVIDIA</Value>
				</KvP>
				<KvP>
					<Key>Class</Key>
					<Value>USB</Value>
				</KvP>
				<KvP />
				<KvP>
					<Value>C:\Windows\inf\oem7.inf</Value>
				</KvP>
				<KvP>
					<Key>Provider</Key>
					<Value>INTEL</Value>
				</KvP>
				<KvP>
					<Key>Class</Key>
					<Value>System</Value>
				</KvP>
				<KvP />
				<KvP>
					<Value>C:\Windows\inf\oem8.inf</Value>
				</KvP>
				<KvP>
					<Key>Provider</Key>
					<Value>Realtek Semiconductor Corp.</Value>
				</KvP>
				<KvP>
					<Key>Class</Key>
					<Value>MEDIA</Value>
				</KvP>
				<KvP />
				<KvP>
					<Value>C:\Windows\inf\oem9.inf</Value>
				</KvP>
				<KvP>
					<Key>Provider</Key>
					<Value>Realtek Semiconductor Corp.</Value>
				</KvP>
				<KvP>
					<Key>Class</Key>
					<Value>Extension</Value>
				</KvP>
				<KvP />
			</Values>
		</Event>
		<Event>
			<Time>5/29/2023 3:49:12 PM</Time>
			<Message>Trying to impersonate the SYSTEM account... SUCCESS !</Message>
			<Values Separator=" : ">
				<KvP>
					<Key>Number of process to check</Key>
					<Value>192</Value>
				</KvP>
				<KvP>
					<Key>Discord</Key>
					<Value>Skipping : S-1-5-21-2469624962-3413705310-1782099349-1001</Value>
				</KvP>
				<KvP>
					<Key>obs64</Key>
					<Value>Skipping : S-1-5-21-2469624962-3413705310-1782099349-1001</Value>
				</KvP>
				<KvP>
					<Key>lghub</Key>
					<Value>Skipping : S-1-5-21-2469624962-3413705310-1782099349-1001</Value>
				</KvP>
				<KvP>
					<Key>svchost</Key>
					<Value>S-1-5-18</Value>
				</KvP>
				<KvP>
					<Key>svchost</Key>
					<Value>SYSTEM account impersonalisation SUCCESS</Value>
				</KvP>
			</Values>
		</Event>
		<Event>
			<Time>5/29/2023 3:49:12 PM</Time>
			<Message>Reverting the Impersonalisation is successful !</Message>
		</Event>
		<Event>
			<Time>5/29/2023 3:49:56 PM</Time>
			<Message>&gt;&gt; Successfully saved log to file!</Message>
		</Event>
	</LogEntries>
</DisplayDriverUninstaller>